cluster,topic,top_words
YaleHRL_Systematic.Reeducation.Transfer.2023.02.14.1237.pdf/cluster_0052,1,salsa utm_source etype eid children health emailblastcontent defense defender org
YaleHRL_Systematic.Reeducation.Transfer.2023.02.14.1237.pdf/cluster_0052,2,b5cd 64121d6346a1 5a1e2101 4387 4447 org childrenshealthdefense https defender eid
YaleHRL_Systematic.Reeducation.Transfer.2023.02.14.1237.pdf/cluster_0052,3,checkers fact rush defend pfizer mandates 9334d62b4df0 8d04 4775 478a
YaleHRL_Systematic.Reeducation.Transfer.2023.02.14.1237.pdf/cluster_0052,4,health utm_source emailblastcontent etype salsa defense defender eid children vaccine
YaleHRL_Systematic.Reeducation.Transfer.2023.02.14.1237.pdf/cluster_0052,5,covid https org childrenshealthdefense safe vaccines data dangerous 4387 4447
YaleHRL_Systematic.Reeducation.Transfer.2023.02.14.1237.pdf/cluster_0319,1,children life kids angels behaviour challenging comparison work working couldn
YaleHRL_Systematic.Reeducation.Transfer.2023.02.14.1237.pdf/cluster_0319,2,just children add like new day dumb adhd wild word
YaleHRL_Systematic.Reeducation.Transfer.2023.02.14.1237.pdf/cluster_0319,3,children life kids angels behaviour challenging comparison work working couldn
YaleHRL_Systematic.Reeducation.Transfer.2023.02.14.1237.pdf/cluster_0319,4,children away bought think smoking smoke don enjoyment working imagine
YaleHRL_Systematic.Reeducation.Transfer.2023.02.14.1237.pdf/cluster_0319,5,kids school life camps pranked childhood good sport beaten challenging
YaleHRL_Systematic.Reeducation.Transfer.2023.02.14.1237.pdf/cluster_0047,1,vaccine covid salsa b1ba eid emailblastcontent childrenshealthdefense org etype 84cfc378
YaleHRL_Systematic.Reeducation.Transfer.2023.02.14.1237.pdf/cluster_0047,2,children vaccine covid desantis mandate florida childrens b1ba org health
YaleHRL_Systematic.Reeducation.Transfer.2023.02.14.1237.pdf/cluster_0047,3,doctor b1ba defender salsa eid emailblastcontent etype childrenshealthdefense defense health
YaleHRL_Systematic.Reeducation.Transfer.2023.02.14.1237.pdf/cluster_0047,4,covid https children fauci pandemic baric nih rfk jr add
YaleHRL_Systematic.Reeducation.Transfer.2023.02.14.1237.pdf/cluster_0047,5,https eid childrenshealthdefense b1ba 84cfc378 salsa 671f4546a6b0 4950 health defender
YaleHRL_Systematic.Reeducation.Transfer.2023.02.14.1237.pdf/cluster_0068,1,958f eb5df2a187cd 44f7bd60 4484 be97 covid childrenshealthdefense https org emailblastcontent
YaleHRL_Systematic.Reeducation.Transfer.2023.02.14.1237.pdf/cluster_0068,2,vaccine covid safe data https org childrenshealthdefense emailblastcontent eid defense
YaleHRL_Systematic.Reeducation.Transfer.2023.02.14.1237.pdf/cluster_0068,3,wvpid salsalabs 2m 40bd379100b6 4a4c 4ec5 8a17 censorship deadly just
YaleHRL_Systematic.Reeducation.Transfer.2023.02.14.1237.pdf/cluster_0068,4,data covid americans vaccination medical cdc care neonatal gates scheme
YaleHRL_Systematic.Reeducation.Transfer.2023.02.14.1237.pdf/cluster_0068,5,958f 44f7bd60 4484 be97 eb5df2a187cd https org childrenshealthdefense children health
YaleHRL_Systematic.Reeducation.Transfer.2023.02.14.1237.pdf/cluster_0040,1,health vaccine covid etype emailblastcontent defense childrenshealthdefense org eid children
YaleHRL_Systematic.Reeducation.Transfer.2023.02.14.1237.pdf/cluster_0040,2,covid defender utm_source salsa etype emailblastcontent defense childrenshealthdefense eid org
YaleHRL_Systematic.Reeducation.Transfer.2023.02.14.1237.pdf/cluster_0040,3,court people vaccination status israeli authorities orders died nw provide
YaleHRL_Systematic.Reeducation.Transfer.2023.02.14.1237.pdf/cluster_0040,4,biden grocery vaccinated coupons touts people bb db44e93b 4cbe 99c4
YaleHRL_Systematic.Reeducation.Transfer.2023.02.14.1237.pdf/cluster_0040,5,salsa utm_source defender https children org eid childrenshealthdefense defense emailblastcontent
YaleHRL_Systematic.Reeducation.Transfer.2023.02.14.1237.pdf/cluster_0055,1,defender eid 4dc0 childrenshealthdefense salsa https fad5ab74 e6e4 6e8579edb5f0 8989
YaleHRL_Systematic.Reeducation.Transfer.2023.02.14.1237.pdf/cluster_0055,2,health vaccines safety officials mrna complete public suspend analyses insist
YaleHRL_Systematic.Reeducation.Transfer.2023.02.14.1237.pdf/cluster_0055,3,court censorship social law media texas supreme children utm_source org
YaleHRL_Systematic.Reeducation.Transfer.2023.02.14.1237.pdf/cluster_0055,4,berenson jr white house rfk alex directly bring podcast tells
YaleHRL_Systematic.Reeducation.Transfer.2023.02.14.1237.pdf/cluster_0055,5,boosters deaths vaers vaccines new reported 470 31 including following
YaleHRL_Systematic.Reeducation.Transfer.2023.02.14.1237.pdf/cluster_0043,1,covid emailblastcontent cc7b9e0cdd1a https salsa org children childrenshealthdefense etype 464c
YaleHRL_Systematic.Reeducation.Transfer.2023.02.14.1237.pdf/cluster_0043,2,464c salsa etype emailblastcontent eid defense defender d00ea2b9 org childrenshealthdefense
YaleHRL_Systematic.Reeducation.Transfer.2023.02.14.1237.pdf/cluster_0043,3,rfk jr documentary fauci real anthony defense https defender salsa
YaleHRL_Systematic.Reeducation.Transfer.2023.02.14.1237.pdf/cluster_0043,4,health radiation 5g risks salsa eid emailblastcontent etype defense defender
YaleHRL_Systematic.Reeducation.Transfer.2023.02.14.1237.pdf/cluster_0043,5,464c cc7b9e0cdd1a https defender salsa childrenshealthdefense defense emailblastcontent org a072
YaleHRL_Systematic.Reeducation.Transfer.2023.02.14.1237.pdf/cluster_0057,1,children health covid fda org emailblastcontent salsa https childrenshealthdefense defense
YaleHRL_Systematic.Reeducation.Transfer.2023.02.14.1237.pdf/cluster_0057,2,defender etype utm_source eid defense childrenshealthdefense https salsa emailblastcontent org
YaleHRL_Systematic.Reeducation.Transfer.2023.02.14.1237.pdf/cluster_0057,3,07a2 4ce0 b41f55884b9a 9cfb 87821b4d health etype utm_source eid defense
YaleHRL_Systematic.Reeducation.Transfer.2023.02.14.1237.pdf/cluster_0057,4,5g schools towers action near child no5gnearschools demand away cell
YaleHRL_Systematic.Reeducation.Transfer.2023.02.14.1237.pdf/cluster_0057,5,injuries pfizer booster 07a2 b41f55884b9a 87821b4d 4ce0 9cfb vaccine defender
YaleHRL_Systematic.Reeducation.Transfer.2023.02.14.1237.pdf/cluster_0233,1,children plenty drug camps killed 250k starvation people mention died
YaleHRL_Systematic.Reeducation.Transfer.2023.02.14.1237.pdf/cluster_0233,2,children drug good plenty killed camps 250k starvation people mention
YaleHRL_Systematic.Reeducation.Transfer.2023.02.14.1237.pdf/cluster_0233,3,ss camps make evil guard did children plenty drug killed
YaleHRL_Systematic.Reeducation.Transfer.2023.02.14.1237.pdf/cluster_0233,4,killed children ur addict alot babies idol died typhus 250k
YaleHRL_Systematic.Reeducation.Transfer.2023.02.14.1237.pdf/cluster_0233,5,children drug homo supports addicted says killing plenty camps killed
YaleHRL_Systematic.Reeducation.Transfer.2023.02.14.1237.pdf/cluster_0031,1,covid prasad dr biden vinay advisors 5709e76c f72b1225ad8b a77f 4c00
YaleHRL_Systematic.Reeducation.Transfer.2023.02.14.1237.pdf/cluster_0031,2,eid childrenshealthdefense salsa org utm_source defender children emailblastcontent etype https
YaleHRL_Systematic.Reeducation.Transfer.2023.02.14.1237.pdf/cluster_0031,3,cancer masks cola a58c 619fbf04691d 4f24 04e510ac f64c defense https
YaleHRL_Systematic.Reeducation.Transfer.2023.02.14.1237.pdf/cluster_0031,4,scam meat fake genetically engineered cola a58c 619fbf04691d 4f24 04e510ac
YaleHRL_Systematic.Reeducation.Transfer.2023.02.14.1237.pdf/cluster_0031,5,covid health death a58c 619fbf04691d 4f24 04e510ac f64c defense https
YaleHRL_Systematic.Reeducation.Transfer.2023.02.14.1237.pdf/cluster_0019,1,vaccine global passports leaders promote digital et 20 health 88ed
YaleHRL_Systematic.Reeducation.Transfer.2023.02.14.1237.pdf/cluster_0019,2,billion covid drugs 100 pfizer profits 88ed 2d8cd7d63791 salsa eid
YaleHRL_Systematic.Reeducation.Transfer.2023.02.14.1237.pdf/cluster_0019,3,blocks military fentanyl funded anti vaccine 88ed 2d8cd7d63791 salsa eid
YaleHRL_Systematic.Reeducation.Transfer.2023.02.14.1237.pdf/cluster_0019,4,jr mccullough rfk 88ed 2d8cd7d63791 salsa eid etype 4f3c children
YaleHRL_Systematic.Reeducation.Transfer.2023.02.14.1237.pdf/cluster_0019,5,health d6dc https utm_source org defender defense childrenshealthdefense 15cb755a emailblastcontent
YaleHRL_Systematic.Reeducation.Transfer.2023.02.14.1237.pdf/cluster_0023,1,e8d3c6c19153 c06c9c61 8bb6 3e18 45c6 defense defender children childrenshealthdefense https
YaleHRL_Systematic.Reeducation.Transfer.2023.02.14.1237.pdf/cluster_0023,2,c06c9c61 3e18 45c6 8bb6 e8d3c6c19153 children etype emailblastcontent eid utm_source
YaleHRL_Systematic.Reeducation.Transfer.2023.02.14.1237.pdf/cluster_0023,3,children etype eid utm_source defense defender emailblastcontent https org salsa
YaleHRL_Systematic.Reeducation.Transfer.2023.02.14.1237.pdf/cluster_0023,4,health covid 3e18 45c6 8bb6 e8d3c6c19153 c06c9c61 defender eid defense
YaleHRL_Systematic.Reeducation.Transfer.2023.02.14.1237.pdf/cluster_0023,5,science hire cola 3e18 c06c9c61 45c6 8bb6 e8d3c6c19153 childrenshealthdefense org
YaleHRL_Systematic.Reeducation.Transfer.2023.02.14.1237.pdf/cluster_0021,1,equity healthcare private eid salsa 1ade0eab abf4 30ff defense etype
YaleHRL_Systematic.Reeducation.Transfer.2023.02.14.1237.pdf/cluster_0021,2,eid salsa 1ade0eab abf4 30ff defense etype 9c15302cafaf health org
YaleHRL_Systematic.Reeducation.Transfer.2023.02.14.1237.pdf/cluster_0021,3,children eid salsa 1ade0eab abf4 30ff defense etype 9c15302cafaf health
YaleHRL_Systematic.Reeducation.Transfer.2023.02.14.1237.pdf/cluster_0021,4,nba djokovic fired referees mandate lawsuit novak australian cleared open
YaleHRL_Systematic.Reeducation.Transfer.2023.02.14.1237.pdf/cluster_0021,5,covid https childrenshealthdefense emailblastcontent defender 469c utm_source org health 9c15302cafaf
YaleHRL_Systematic.Reeducation.Transfer.2023.02.14.1237.pdf/cluster_0237,1,children ugly mutts ivan uglier woman women mutt russian sexy
YaleHRL_Systematic.Reeducation.Transfer.2023.02.14.1237.pdf/cluster_0237,2,children mutts ugly ivan uglier woman women mutt russian sexy
YaleHRL_Systematic.Reeducation.Transfer.2023.02.14.1237.pdf/cluster_0237,3,bitches criminal war ukraine cold electricity donezk cut children ugly
YaleHRL_Systematic.Reeducation.Transfer.2023.02.14.1237.pdf/cluster_0237,4,children women sexy russian mutt ugly mutts uglier woman ivan
YaleHRL_Systematic.Reeducation.Transfer.2023.02.14.1237.pdf/cluster_0237,5,children ugly ivan uglier woman mutts women mutt russian sexy
YaleHRL_Systematic.Reeducation.Transfer.2023.02.14.1237.pdf/cluster_0038,1,children eid salsa https emailblastcontent org etype utm_source defense childrenshealthdefense
YaleHRL_Systematic.Reeducation.Transfer.2023.02.14.1237.pdf/cluster_0038,2,covid vaccine eid salsa https emailblastcontent org etype utm_source defense
YaleHRL_Systematic.Reeducation.Transfer.2023.02.14.1237.pdf/cluster_0038,3,eid salsa https emailblastcontent org etype utm_source defense childrenshealthdefense defender
YaleHRL_Systematic.Reeducation.Transfer.2023.02.14.1237.pdf/cluster_0038,4,health children defender childrenshealthdefense defense utm_source etype org emailblastcontent https
YaleHRL_Systematic.Reeducation.Transfer.2023.02.14.1237.pdf/cluster_0038,5,rfk jr data flu discuss podcast mortality changes cause calculate
YaleHRL_Systematic.Reeducation.Transfer.2023.02.14.1237.pdf/cluster_0166,1,children donezk revenge eat shit eventually donekz sure silver lining
YaleHRL_Systematic.Reeducation.Transfer.2023.02.14.1237.pdf/cluster_0166,2,children donezk revenge eat shit eventually donekz sure silver lining
YaleHRL_Systematic.Reeducation.Transfer.2023.02.14.1237.pdf/cluster_0166,3,children eat donezk shit eventually donekz revenge sure silver lining
YaleHRL_Systematic.Reeducation.Transfer.2023.02.14.1237.pdf/cluster_0166,4,children sure silver lining hiding guess dog died coward chased
YaleHRL_Systematic.Reeducation.Transfer.2023.02.14.1237.pdf/cluster_0166,5,children donezk revenge eat shit eventually donekz sure silver lining
YaleHRL_Systematic.Reeducation.Transfer.2023.02.14.1237.pdf/cluster_0016,1,covid vaccine trials eid emailblastcontent 88af afbe884172eb 4d89 https 2462
YaleHRL_Systematic.Reeducation.Transfer.2023.02.14.1237.pdf/cluster_0016,2,salsa 94e06a43 etype childrenshealthdefense eid afbe884172eb org defender defense children
YaleHRL_Systematic.Reeducation.Transfer.2023.02.14.1237.pdf/cluster_0016,3,salsa 94e06a43 etype childrenshealthdefense eid afbe884172eb org defender defense children
YaleHRL_Systematic.Reeducation.Transfer.2023.02.14.1237.pdf/cluster_0016,4,feds 94e06a43 childrenshealthdefense afbe884172eb defender defense salsa org eid https
YaleHRL_Systematic.Reeducation.Transfer.2023.02.14.1237.pdf/cluster_0016,5,health defense https salsa emailblastcontent childrenshealthdefense children eid afbe884172eb defender
YaleHRL_Systematic.Reeducation.Transfer.2023.02.14.1237.pdf/cluster_0360,1,young protesting war photos mothers detained moscow today world history
YaleHRL_Systematic.Reeducation.Transfer.2023.02.14.1237.pdf/cluster_0360,2,children kyiv metro people invaders russian ukraine ukrainerussieupdates https innocent
YaleHRL_Systematic.Reeducation.Transfer.2023.02.14.1237.pdf/cluster_0360,3,young protesting war photos mothers detained moscow today world history
YaleHRL_Systematic.Reeducation.Transfer.2023.02.14.1237.pdf/cluster_0360,4,young protesting war photos mothers detained moscow today world history
YaleHRL_Systematic.Reeducation.Transfer.2023.02.14.1237.pdf/cluster_0360,5,places https ukrainerussieupdates destroyed soldier important homes moments rescuing rubble
YaleHRL_Systematic.Reeducation.Transfer.2023.02.14.1237.pdf/cluster_0188,1,children eat polish born 18 won able ukrainians quality meat
YaleHRL_Systematic.Reeducation.Transfer.2023.02.14.1237.pdf/cluster_0188,2,children eat polish born 18 won able ukrainians quality meat
YaleHRL_Systematic.Reeducation.Transfer.2023.02.14.1237.pdf/cluster_0188,3,eat children ukrainians polish born 18 won able quality meat
YaleHRL_Systematic.Reeducation.Transfer.2023.02.14.1237.pdf/cluster_0188,4,polish children won able born 18 eat ukrainians quality meat
YaleHRL_Systematic.Reeducation.Transfer.2023.02.14.1237.pdf/cluster_0188,5,children quality meat high donezk eat polish born 18 won
YaleHRL_Systematic.Reeducation.Transfer.2023.02.14.1237.pdf/cluster_0029,1,pfizer vaccines covid rutgers children salsa etype emailblastcontent org eid
YaleHRL_Systematic.Reeducation.Transfer.2023.02.14.1237.pdf/cluster_0029,2,https utm_source children childrenshealthdefense defender org defense eid emailblastcontent etype
YaleHRL_Systematic.Reeducation.Transfer.2023.02.14.1237.pdf/cluster_0029,3,etype children https emailblastcontent eid defender childrenshealthdefense defense utm_source org
YaleHRL_Systematic.Reeducation.Transfer.2023.02.14.1237.pdf/cluster_0029,4,health pfizer defense defender org https etype utm_source salsa emailblastcontent
YaleHRL_Systematic.Reeducation.Transfer.2023.02.14.1237.pdf/cluster_0029,5,covid cola eid children salsa defender defense org childrenshealthdefense emailblastcontent
YaleHRL_Systematic.Reeducation.Transfer.2023.02.14.1237.pdf/cluster_0014,1,salsa utm_source eid etype emailblastcontent defense https childrenshealthdefense org defender
YaleHRL_Systematic.Reeducation.Transfer.2023.02.14.1237.pdf/cluster_0014,2,health childrenshealthdefense org defense https children defender eid utm_source salsa
YaleHRL_Systematic.Reeducation.Transfer.2023.02.14.1237.pdf/cluster_0014,3,new utm_source salsa eid emailblastcontent etype childrenshealthdefense defense org https
YaleHRL_Systematic.Reeducation.Transfer.2023.02.14.1237.pdf/cluster_0014,4,children org childrenshealthdefense defense https defender health covid vaccine emailblastcontent
YaleHRL_Systematic.Reeducation.Transfer.2023.02.14.1237.pdf/cluster_0014,5,children childrenshealthdefense org https defense health use defender archives defender_category
YaleHRL_Systematic.Reeducation.Transfer.2023.02.14.1237.pdf/cluster_0073,1,children greatgameindia instagram data fined million com 400 mishandling ireland
YaleHRL_Systematic.Reeducation.Transfer.2023.02.14.1237.pdf/cluster_0073,2,https org etype childrenshealthdefense salsa defense eid utm_source emailblastcontent health
YaleHRL_Systematic.Reeducation.Transfer.2023.02.14.1237.pdf/cluster_0073,3,ukraine population military citizens united propaganda putin nato just states
YaleHRL_Systematic.Reeducation.Transfer.2023.02.14.1237.pdf/cluster_0073,4,children https million caused defender defense childrenshealthdefense org health utm_source
YaleHRL_Systematic.Reeducation.Transfer.2023.02.14.1237.pdf/cluster_0073,5,death pfizer vaccine coroner caused zealand confirms man new ffa75483deba
YaleHRL_Systematic.Reeducation.Transfer.2023.02.14.1237.pdf/cluster_0338,1,aggression killed russia https ukrainerussieupdates military 139 beginning 205 wounded
YaleHRL_Systematic.Reeducation.Transfer.2023.02.14.1237.pdf/cluster_0338,2,killed https ukrainerussieupdates days wounded 216 got 32 russians kids
YaleHRL_Systematic.Reeducation.Transfer.2023.02.14.1237.pdf/cluster_0338,3,russian russia ukrainerussieupdates https loot photo reaches retreating machines kyiv
YaleHRL_Systematic.Reeducation.Transfer.2023.02.14.1237.pdf/cluster_0338,4,ukraine children people square support https ukrainerussieupdates killed 000 protesters
YaleHRL_Systematic.Reeducation.Transfer.2023.02.14.1237.pdf/cluster_0338,5,children https ukrainerussieupdates killed aggression russian ukraine russia wounded 210
YaleHRL_Systematic.Reeducation.Transfer.2023.02.14.1237.pdf/cluster_0066,1,kids school disastrous shutdowns defense children utm_source org salsa etype
YaleHRL_Systematic.Reeducation.Transfer.2023.02.14.1237.pdf/cluster_0066,2,taxpayer carbon capture dollars schemes dead cd billions wasted end
YaleHRL_Systematic.Reeducation.Transfer.2023.02.14.1237.pdf/cluster_0066,3,covid defense children utm_source org salsa etype health 9dc7b271dd4e eid
YaleHRL_Systematic.Reeducation.Transfer.2023.02.14.1237.pdf/cluster_0066,4,defense children utm_source org salsa etype health 9dc7b271dd4e eid 345649a5
YaleHRL_Systematic.Reeducation.Transfer.2023.02.14.1237.pdf/cluster_0066,5,defender ea65 4d41 childrenshealthdefense https emailblastcontent 8b61 345649a5 eid 9dc7b271dd4e
YaleHRL_Systematic.Reeducation.Transfer.2023.02.14.1237.pdf/cluster_0264,1,children imagine inside forgetting nigga lzer jewish eating shall tonight
YaleHRL_Systematic.Reeducation.Transfer.2023.02.14.1237.pdf/cluster_0264,2,america lol children longer aren born european europeans fleeing genetics
YaleHRL_Systematic.Reeducation.Transfer.2023.02.14.1237.pdf/cluster_0264,3,children imagine inside forgetting nigga lzer jewish eating shall tonight
YaleHRL_Systematic.Reeducation.Transfer.2023.02.14.1237.pdf/cluster_0264,4,nigga children imagine inside forgetting lzer jewish eating shall tonight
YaleHRL_Systematic.Reeducation.Transfer.2023.02.14.1237.pdf/cluster_0264,5,children ve intercourse bed tonight shall jewish lzer eating forgetting
YaleHRL_Systematic.Reeducation.Transfer.2023.02.14.1237.pdf/cluster_0058,1,childrenshealthdefense eid defender emailblastcontent org etype health salsa defense children
YaleHRL_Systematic.Reeducation.Transfer.2023.02.14.1237.pdf/cluster_0058,2,salsa etype eid childrenshealthdefense children defense org emailblastcontent defender health
YaleHRL_Systematic.Reeducation.Transfer.2023.02.14.1237.pdf/cluster_0058,3,covid lawsuit california punish misinformation physicians cb25 be13ca7ace88 c43d2786 4988
YaleHRL_Systematic.Reeducation.Transfer.2023.02.14.1237.pdf/cluster_0058,4,study 8a8c 4988 cb25 c43d2786 be13ca7ace88 gmo defense salsa etype
YaleHRL_Systematic.Reeducation.Transfer.2023.02.14.1237.pdf/cluster_0058,5,purchased antiviral government lower risk hospital 4ce0 9cfb 87821b4d b41f55884b9a
YaleHRL_Systematic.Reeducation.Transfer.2023.02.14.1237.pdf/cluster_0049,1,mary polly man kids pandemics childrenshealthdefense d239982f defender defense children
YaleHRL_Systematic.Reeducation.Transfer.2023.02.14.1237.pdf/cluster_0049,2,covid booster cdc novavax recommends childrenshealthdefense etype org children 1fc2
YaleHRL_Systematic.Reeducation.Transfer.2023.02.14.1237.pdf/cluster_0049,3,covid vaccines 40 florida mrna men 1fc2 defender a01c children
YaleHRL_Systematic.Reeducation.Transfer.2023.02.14.1237.pdf/cluster_0049,4,pfizer propaganda fine twitter a01c etype emailblastcontent eid e27f6417dbe7 defense
YaleHRL_Systematic.Reeducation.Transfer.2023.02.14.1237.pdf/cluster_0049,5,health 1fc2 defender https salsa etype emailblastcontent eid defense e27f6417dbe7
YaleHRL_Systematic.Reeducation.Transfer.2023.02.14.1237.pdf/cluster_0076,1,health vials mrna vaccine cola officials let real reason leak
YaleHRL_Systematic.Reeducation.Transfer.2023.02.14.1237.pdf/cluster_0076,2,5g childrenshealthdefense org https harmful need near kids help wvpid
YaleHRL_Systematic.Reeducation.Transfer.2023.02.14.1237.pdf/cluster_0076,3,childrenshealthdefense org https aafd 5efc defense defender children etype emailblastcontent
YaleHRL_Systematic.Reeducation.Transfer.2023.02.14.1237.pdf/cluster_0076,4,energy global banks crises hunger big eid utm_source 45cf defense
YaleHRL_Systematic.Reeducation.Transfer.2023.02.14.1237.pdf/cluster_0076,5,covid psychology behavioral vaccines nonprofits rockefeller foundation foods reset ultra
YaleHRL_Systematic.Reeducation.Transfer.2023.02.14.1237.pdf/cluster_0063,1,d32e72fb etype children salsa defender eid emailblastcontent childrenshealthdefense org defense
YaleHRL_Systematic.Reeducation.Transfer.2023.02.14.1237.pdf/cluster_0063,2,d32e72fb etype children salsa defender eid emailblastcontent childrenshealthdefense org defense
YaleHRL_Systematic.Reeducation.Transfer.2023.02.14.1237.pdf/cluster_0063,3,covid health d32e72fb salsa emailblastcontent etype f44b9f7d0111 https childrenshealthdefense children
YaleHRL_Systematic.Reeducation.Transfer.2023.02.14.1237.pdf/cluster_0063,4,cdc covid 5th fda shot adults salsa https childrenshealthdefense children
YaleHRL_Systematic.Reeducation.Transfer.2023.02.14.1237.pdf/cluster_0063,5,https emailblastcontent eid etype defense defender f44b9f7d0111 d32e72fb childrenshealthdefense children
YaleHRL_Systematic.Reeducation.Transfer.2023.02.14.1237.pdf/cluster_0249,1,children abusing quit fuck rest gotta sake preying pedophilia age
YaleHRL_Systematic.Reeducation.Transfer.2023.02.14.1237.pdf/cluster_0249,2,children preying pedophilia age make consent cognitively decision like logical
YaleHRL_Systematic.Reeducation.Transfer.2023.02.14.1237.pdf/cluster_0249,3,like responsibility care men protect children preying pedophilia age consent
YaleHRL_Systematic.Reeducation.Transfer.2023.02.14.1237.pdf/cluster_0249,4,children age just literally thing isn argued think kelly preying
YaleHRL_Systematic.Reeducation.Transfer.2023.02.14.1237.pdf/cluster_0249,5,children relationship emotional let decide grown hardly joking want ass
Potential_Damage_Report_Jan_2023.pdf/cluster_0281,1,31 на 08 mfa италию правила въезда ua сегодня tripadvisor
Potential_Damage_Report_Jan_2023.pdf/cluster_0281,2,по чтобы что из января до 31 летели это лететь
Potential_Damage_Report_Jan_2023.pdf/cluster_0281,3,января 393331637797 владислав до 31 апрель накроются может после билеты
Potential_Damage_Report_Jan_2023.pdf/cluster_0281,4,января 31 393331637797 владислав до апрель накроются может после билеты
Potential_Damage_Report_Jan_2023.pdf/cluster_0281,5,января 31 393331637797 владислав до апрель накроются может после билеты
Potential_Damage_Report_Jan_2023.pdf/cluster_0080,1,war 2023 year russian hit 1180omz catches soldier drone gets
Potential_Damage_Report_Jan_2023.pdf/cluster_0080,2,goddamn rally 2023 war russian https ukraine 2022 trenches year
Potential_Damage_Report_Jan_2023.pdf/cluster_0080,3,2023 https ukraine 02 com politico 17 crimea democrat www
Potential_Damage_Report_Jan_2023.pdf/cluster_0080,4,goddamn rally 2023 war russian https ukraine 2022 trenches year
Potential_Damage_Report_Jan_2023.pdf/cluster_0080,5,goddamn rally 2023 war russian https ukraine 2022 trenches year
Potential_Damage_Report_Jan_2023.pdf/cluster_0179,1,ukraine ukrainian supplying federal tanks german january 2023 damhistory 20
Potential_Damage_Report_Jan_2023.pdf/cluster_0179,2,https 2023 drone redd r_combatfootage russian ua aldrin time buzz
Potential_Damage_Report_Jan_2023.pdf/cluster_0179,3,ua january artillery r_combatfootage redd soledar igniting going ammo 10grhjs
Potential_Damage_Report_Jan_2023.pdf/cluster_0179,4,їнку бої 15 мар 01 джерело за 2023 10gvkmj mobile
Potential_Damage_Report_Jan_2023.pdf/cluster_0179,5,january government capital protesters medias social peru peruvian anti 2023
Potential_Damage_Report_Jan_2023.pdf/cluster_0144,1,artillery russian 2023 ukraine cbfootage january oblast ukrainian kreminna lands
Potential_Damage_Report_Jan_2023.pdf/cluster_0144,2,russian february positions french 10somni 10th mo mortars 120 120mm
Potential_Damage_Report_Jan_2023.pdf/cluster_0144,3,russian 2023 artillery february https r_combatfootage redd unit omega outskirts
Potential_Damage_Report_Jan_2023.pdf/cluster_0144,4,artillery russian 2023 cbfootage ukraine head dies soldier shrapnel catches
Potential_Damage_Report_Jan_2023.pdf/cluster_0144,5,2023 https redd r_combatfootage bakhmut february 10u8vxe bmp explodes heavily
Potential_Damage_Report_Jan_2023.pdf/cluster_0036,1,farmland ukraine www html https independence time sales agriculture 31336984
Potential_Damage_Report_Jan_2023.pdf/cluster_0036,2,china consider eu suggests export target bloomberg using www news
Potential_Damage_Report_Jan_2023.pdf/cluster_0036,3,plant imposes closed iphone zhengzhou restrictions foxconn facilities meal covid
Potential_Damage_Report_Jan_2023.pdf/cluster_0036,4,www https china html zu sieht ard mehrheit kritisch inland
Potential_Damage_Report_Jan_2023.pdf/cluster_0036,5,deutschlandtrend digitales zentralbankgeld digitaler wef voll id linie mit auf
Potential_Damage_Report_Jan_2023.pdf/cluster_0223,1,2023 war effected dont think горан alive liver tell happy
Potential_Damage_Report_Jan_2023.pdf/cluster_0223,2,2023 горан alive liver war tell happy think dont effected
Potential_Damage_Report_Jan_2023.pdf/cluster_0223,3,горан 2023 tell happy alive liver war think dont effected
Potential_Damage_Report_Jan_2023.pdf/cluster_0223,4,2023 new advise celebrations feels fireworks know like look year
Potential_Damage_Report_Jan_2023.pdf/cluster_0223,5,2023 горан alive liver war tell happy think dont effected
Potential_Damage_Report_Jan_2023.pdf/cluster_0160,1,abrams 2023 late damhistory ukraine 2024 early tanks washington delivered
Potential_Damage_Report_Jan_2023.pdf/cluster_0160,2,abrams 2023 31 winter 24 damhistory early delivered post late
Potential_Damage_Report_Jan_2023.pdf/cluster_0160,3,31 abrams leo old bad ton break bunch super spanish
Potential_Damage_Report_Jan_2023.pdf/cluster_0160,4,winter 24 2023 abrams 31 damhistory early delivered post late
Potential_Damage_Report_Jan_2023.pdf/cluster_0160,5,2023 10ovjz7 luhansk ukrainian truck tank artillery destroying russian https
Potential_Damage_Report_Jan_2023.pdf/cluster_0265,1,www html com theepochtimes https russian seize multi russias threatens
Potential_Damage_Report_Jan_2023.pdf/cluster_0265,2,russian ukraine html www theepochtimes com https hit nuclear multi
Potential_Damage_Report_Jan_2023.pdf/cluster_0265,3,https ukraine www com theepochtimes html ship stop let indo
Potential_Damage_Report_Jan_2023.pdf/cluster_0265,4,html www com theepochtimes https nuclear amid ukraine hit run
Potential_Damage_Report_Jan_2023.pdf/cluster_0265,5,https com www html theepochtimes russian says war flash update
2022.11.18_Kherson_DD_12.10.pdf/cluster_0090,1,forces defence vdv airborne ukrainian russian elite units weakened putin
2022.11.18_Kherson_DD_12.10.pdf/cluster_0090,2,donetsk east brigade 108th ua soledar recorded positions overhead mountain
2022.11.18_Kherson_DD_12.10.pdf/cluster_0090,3,ukrainian oblast ww2 greatest soviets crimes commit captured treated fighter
2022.11.18_Kherson_DD_12.10.pdf/cluster_0090,4,kherson spg territorial soldiers sm2 came defense destroyed 2s19m2 msta
2022.11.18_Kherson_DD_12.10.pdf/cluster_0090,5,vdv oblast offensive svatove likely kremina russian area operations bakhmut
